label,group
Fabricación de Materiales,Temas
Óptica,Temas
"Espectrocopía raman, escaleras de stark y ondas de bloch en silicio poroso",Temas
Películas delgadas,Temas
Óptica y rayos X,Temas
Magnetismo,Temas
Microscopía electrónica,Temas
Termodinámica irreversible,Temas
Irradiaciones,Temas
Plasmónica y nanofotonía,Temas
Cristalografía y propiedades ópticas de sólidos,Temas
Defectos en cristales,Temas
Estructura y propiedades ópticas de cristales,Temas
Energéticos y sociofísica,Temas
"Termodinámica irreversible del envejecimiento, energéticos, sociofísica y cosmología",Temas
Cosmología,Temas
Espectroscopía óptica,Temas
Moléculas en superficies,Temas
Microscopio de tunelaje de moléculas en superficies,Temas
Nanopartículas,Temas
Cristales líquidos y colestéricos,Temas
Ondas de espín,Temas
Elasticidad,Temas
Escaleras de stark y ondas de bloch en silicio poroso,Temas
Burbuja de electrones en helio superfluído,Temas
"Nanopartículas, superficies y conglomerados moleculares",Temas
Crecicimiento de cristales,Temas
Cementos,Temas
Superconductividad de alta Tc,Temas
Propiedades de transporte en sistema de varias superficies,Temas
Materiales,Temas
Nanomateriales,Temas
Termoluminiscencia,Temas
Recubrimientos,Temas
Plasmones,Temas
Nanotecnología,Temas
Parkinson,Temas
Sol-gel,Temas
Catálisis,Temas
Fibers dating,Temas
Héctor Murrieta Sánchez IF-ES,Investigadores
Marcelo del Castillo Mussot IF-ES,Investigadores
Jorge Alejandro Reyes Esqueda IF-ES,Investigadores
Adolfo Cordero Borboa IF-ES,Investigadores
Jorge Montemayor Aldrete IF-ES,Investigadores
Carlos Javier Villagómez Ojeda IF-ES,Investigadores
Jose Manuel Hernández Alcántara IF-ES,Investigadores
Gerardo Jorge Vázquez Fonseca IF-ES,Investigadores
César Leonardo Ordoñez Romero IF-ES,Investigadores
Guillemo Monsiváis Galindo IF-ES,Investigadores
Jaques André Soullard Saintrais IF-ES,Investigadores
Luis Fernando Magaña Solís IF-ES,Investigadores
Enrique Camarillo García IF-ES,Investigadores
Jorge García Macedo IF-ES,Investigadores
María Cristina Flores IF-ES,Investigadores
Dwight Acosta Najarro IF-MC,Investigadores
Elsi Mejía Uriarte ICAT-UNAM,Investigadores
Ciro Falcony Guajardo Cinvestav,Investigadores
Epifanio Cruz Zaragoza ICN-UNAM,Investigadores
Francisco Ramos Brito UAS,Investigadores
Manuel García Hipólito IIM-UNAM,Investigadores
Raúl Herrera Becerra IF-MC,Investigadores
Arturo Rodríguez Gómez IF-MC,Investigadores
Ulises Caldiño UAM-IZ,Investigadores
Bartolomé Luque UPM-España,Investigadores
Alfredo de la Lama UAM-IZ,Investigadores
Lev Guzmán IPN,Investigadores
Gabriela Díaz IF-FQ,Investigadores
Jesús Arenas IF-MC,Investigadores
Citlali Sánchez ICAT-UNAM,Investigadores
Rocío Nava IER,Investigadores
Beatriz de la Maza ICAT-UNAM,Investigadores
Raúl Rangel CICESE,Investigadores
Enrique Bigeras UAEM,Investigadores
Rurik Farías UACJ,Investigadores
Emma García BUAP,Investigadores
Tiziana Cesca UPadua-Italia,Investigadores
PF Brevet ULyon-Francia,Investigadores
Héctor Riveros IF-MC,Investigadores
Luis Felipe Jiménez Garcías FC-UNAM,Investigadores
Ricardo Rodríguez Mijangos CIFUS-UNISON,Investigadores
Fidel Cruz Peregrino UAM-AZ,Investigadores
Mariano Lopez de Haro IER-UNAM,Investigadores
José Rubén Morones Ibarra FC-UANL,Investigadores
Alejandro Morales Mori ICF-UNAM,Investigadores
Oliver Paz Borbón IF-FQ,Investigadores
Ignacio Garzón IF-FT,Investigadores
Xavier Boujou CNR-Francia,Investigadores
Adrián Reyes Cervantes IF-MC,Investigadores
Carlos Mendoza Ruiz IIM-UNAM,Investigadores
Gregorio Hernández Cocoletzi UAP,Investigadores
Nelson Ramos Montenegro Ucali-Colombia,Investigadores
Jorge Flores Valdés IF-FT,Investigadores
Zorayda Lazcano Ortiz BUAP,Investigadores
José Antonio Otero Hernández ITESM,Investigadores
Luis Gutiérrez ICF-UNAM,Investigadores
Alfredo Díaz de Anda BUAP,Investigadores
Octavio Estévez IF-MC,Investigadores
Rubén Santamaría Ortiz IF-FT,Investigadores
Rubén Barrera IF-FQ,Investigadores
Samuel Meraz FES-Iztacala,Investigadores
Juan Manuel Ramírez de Arellano ITESM-CDMX,Investigadores
Juan Salvador Arellano UAM-AZ,Investigadores
Johannes Barth TUM-Munich-Alemania,Investigadores
Edilberto Hernández Juárez IF-MC,Investigadores
Eligio Orozco Mendoza IF-MC,Investigadores
Samanta Pérez Arevalo IF-MC,Investigadores
Lauro Bucio Galindo IF-MC,Investigadores
Ilya Kaplan Ins. Inv. Materiales,Investigadores
Ronald Colombie Leyva Ins. Inv. Materiales,Investigadores
Victor Velasco Rodriguez ICM-Madrid-España,Investigadores
Luis Mariscal Becerra CIENVESTAV,Investigadores
Patricia Santiago IF-MC,Investigadores
Bokhimi IF-MC,Investigadores
Guillermo Espinoza IF-MC,Investigadores
Guillermo Mondragón CIDESI,Investigadores
Victor Rentería U. Guadalajara,Investigadores
Armando Ávila UT Fidel V,Investigadores
Pedro Ramírez UT Tulancingo,Investigadores
Gabriel Gutiérrez II Biomédicas,Investigadores
Jeffrey Zink UCLA,Investigadores
Massimo Guglielmi U. Padua,Investigadores
Yanet Villasana U. Reg Amazónica,Investigadores
Fernando Bimbela U.P. Navarra,Investigadores
Giulio Fanti U. Padua,Investigadores
